"image","xmin","ymin","xmax","ymax","label"
"1.5L%20Clear%20Plastic%20Bottle%20-%20CleverPatch%20....jpg",166.18217054263565,8.720930232558139,331.8798449612403,485.4651162790697,"bottle"
"10%20beautifully-designed%20alcohol%20bottles...%20(2).jpg",629.5840867992766,227.60902331189712,784.5207956600361,660.5350683279743,"bottle"
"0.75%20L%20Plastic%20Hydration%20Water%20Bottle%20....jpg",867.4418604651163,79.06976744186046,1500,2320.93023255814,"bottle"
"10%20beautifully-designed%20alcohol%20bottles....jpg",126.58227848101266,57.66189759036145,367.0886075949367,556.4570783132531,"bottle"
"10%20beautifully-designed%20alcohol%20bottles....jpg",377.9385171790235,119.10768072289157,589.5117540687161,554.6498493975904,"bottle"
"10%20beautifully-designed%20alcohol%20bottles....jpg",598.5533453887884,276.3365963855422,730.5605786618445,549.2281626506024,"bottle"
"10%20beautifully-designed%20alcohol%20bottles....jpg",741.4104882459313,355.8546686746988,837.251356238698,554.6498493975904,"bottle"
"10%20beautifully-designed%20alcohol%20bottles...%20(1).jpg",102.33545647558387,71.30232558139535,1508.7048832271762,1643.3488372093022,"bottle"
"10_000_%20Best%20Beer%20Bottle%20Photos%20%C2%B7%20100....jpeg",146.41624273255812,252.56976744186045,348.4511264534883,632.8759689922481,"bottle"
"10_%20Best%20Water%20Bottles%20On%20Sale%20Right%20Now.jpg",245.52123552123552,1.2344961240310077,429.6138996138996,635.765503875969,"bottle"
"10_393%20Coke%20Can%20Stock%20Photos_%20Pictures....jpg",112.26431354916066,85.39534883720931,376.4417715827338,542.0232558139535,"can"
"13%20Best%20Baby%20Bottles%20for%20Every%20Feeding%20Need.jpg",276.67269439421335,30.861299261083744,458.4086799276672,506.35391009852214,"bottle"
"13%20Best%20Baby%20Bottles%20for%20Every%20Feeding%20Need.jpg",185.80470162748642,44.40809729064039,275.3164556962025,477.90563423645324,"bottle"
"13%20Best%20Baby%20Bottles%20for%20Every%20Feeding%20Need.jpg",457.0524412296564,45.76277709359606,556.0578661844484,477.90563423645324,"bottle"
"10_393%20Coke%20Can%20Stock%20Photos_%20Pictures...%20(1).jpg",86.47490985576924,65.21899224806202,278.73452524038464,409.1821705426357,"can"
"135_%20Best%20Free%20Bottle%20Mockups%20for%202022....jpg",371.500904159132,40.487804878048784,602.3869801084991,578.1571815718157,"bottle"
"135_%20Best%20Free%20Bottle%20Mockups%20for%202022....jpg",623.2188065099457,63.03523035230353,873.2007233273056,593.7669376693767,"bottle"
"135_%20Best%20Free%20Bottle%20Mockups%20for%202022....jpg",88.53526220614827,61.300813008130085,307.2694394213381,585.0948509485095,"bottle"
"15%20best%20water%20bottles%20for%202021%20reviewed....jpg",278.4810126582279,3.897843070652174,458.22784810126586,466,"bottle"
"15%20Best%20Water%20Bottles%20to%20Buy%20in%202022...%20(1).jpg",81.62790697674419,13.953488372093023,352.3255813953489,689.3023255813954,"bottle"
"13%20best%20reusable%20water%20bottles%20to....jpg",401.3019891500904,79.90974729241877,639.0596745027124,152.6173285198556,"bottle"
"13%20best%20reusable%20water%20bottles%20to...%20(1).jpg",251.86046511627907,4.186046511627907,463.95348837209303,713.0232558139535,"bottle"
"15%20Best%20Water%20Bottles%20to%20Buy%20in%202022....jpg",90.86675724637682,0.9689922480620154,231.2435688405797,494.18604651162786,"bottle"
"15%20Best%20Water%20Bottles%20to%20Buy%20in%202022....png",84.70624096820809,7.393410852713179,296.74381322254334,527.0445736434109,"bottle"
"15%20Best%20Water%20Bottles%20to%20Buy%20in%202022...%20(2).jpg",46.81678206997085,1.8294573643410852,228.07625728862976,471.99999999999994,"bottle"
"15%20Best%20Water%20Bottles_%20Find%20Your....jpg",677.3056057866185,57.664295392953925,954.7920433996383,1023.5179539295392,"bottle"
"16.9%20oz.%20Clear%20PET%20Water%20Bottle%20with%20....jpg",334.30232558139534,11.627906976744185,659.8837209302326,984.4961240310076,"bottle"
"21%20Best%20Water%20Bottles%202020%20_%20Vogue%20(1).jpg",100.15503875968992,16.124031007751938,217.3643410852713,300.1550387596899,"bottle"
"20%20oz%20Distilled%20Water%20Bottles%20_%20Distillata.jpg",541.2790697674418,56.97674418604651,864.1472868217054,1128.6821705426357,"bottle"
"21%20Best%20Water%20Bottles%202020%20_%20Vogue.jpg",116.89922480620154,12.4031007751938,203.10077519379843,292.093023255814,"bottle"
"2%20Stainless%20Steel%20Water%20Bottles....jpg",266.27906976744185,141.86046511627907,540.6976744186047,1083.7209302325582,"bottle"
"1_478_461%20Bottle%20Photos%20-%20Free....jpg",221.81102362204723,83.13953488372093,635.0393700787401,1211.8217054263566,"bottle"
"23%20Best%20Water%20Bottles%202022%20_%20The%20Strategist%20(1).jpg",93.49972747093024,99.13178294573645,157.59856468023258,326.6356589147287,"bottle"
"23%20Best%20Water%20Bottles%202022%20_%20The%20Strategist.jpg",44.6800054505814,62.58914728682171,192.81954033430233,315.7906976744186,"bottle"
"23%20Best%20Water%20Bottles%202022%20_%20The%20Strategist%20(2).jpg",4.796284520348838,36.27325581395349,105.9300054505814,325.748062015504,"bottle"
"2_958%20Coke%20Can%20Photos%20and%20Premium%20High....jpg",60.86799276672694,35.76219512195122,210.2712477396022,296.7052845528455,"can"
"2_958%20Coke%20Can%20Photos%20and%20Premium%20High....jpg",222.44484629294755,60.08739837398374,388.44846292947557,353.0955284552845,"can"
"2_958%20Coke%20Can%20Photos%20and%20Premium%20High....jpg",391.76853526220617,151.859756097561,563.3056057866185,343.1443089430894,"can"
"27_%20Bottle%20Pictures%20_%20Download%20Free....jpg",1763.4285714285716,248.73633227176222,2639.5623869801084,2308.398752653928,"bottle"
"35%20DIY%20Wine%20Bottle%20Crafts%20-%20Empty%20Wine...%20(1).jpg",29.03750740521327,292.3720930232558,715.2697348933649,762.2558139534883,"bottle"
"35%20DIY%20Wine%20Bottle%20Crafts%20-%20Empty%20Wine...%20(3).jpg",70.46511627906978,51.627906976744185,216.97674418604652,629.3023255813953,"bottle"
"35%20DIY%20Wine%20Bottle%20Crafts%20-%20Empty%20Wine...%20(3).jpg",246.27906976744185,40.46511627906977,405.34883720930236,668.3720930232558,"bottle"
"35%20DIY%20Wine%20Bottle%20Crafts%20-%20Empty%20Wine...%20(2).jpg",28.953488372093023,151.88178294573643,221.51162790697677,657.6899224806201,"bottle"
"35%20DIY%20Wine%20Bottle%20Crafts%20-%20Empty%20Wine...%20(2).jpg",303.83720930232556,104.50581395348837,469.8837209302326,613.1007751937984,"bottle"
"32oz%20Wide%20Mouth%20Tritan%20Water%20Bottle....png",122.41937681686046,76.3875968992248,448.3205396075581,665.453488372093,"bottle"
"35%20DIY%20Wine%20Bottle%20Crafts%20-%20Empty%20Wine....jpg",215.58139534883722,23.72093023255814,391.3953488372093,657.2093023255813,"bottle"
"360%20view%20of%20Coca-Cola%20Can%2012%20FL%203D....jpg",462.92947558770345,68.36816720257235,768.4629294755878,635.5707395498391,"can"
"38_517%20Wine%20Bottle%20Photos%20and%20Premium....jpg",129.87209302325581,42.697674418604656,280.5,581.1627906976744,"bottle"
"400ml%20thermal%20bottle%20with%20Drinking%20Reminder.jpg",284.49612403100775,40.310077519379846,512.4031007751938,753.4883720930234,"bottle"
"5%20Best%20Water%20Bottles%20in%202022.jpg",410.4882459312839,80.19578313253012,672.6943942133817,645.8584337349397,"bottle"
"5%20CREATIVE%20PLASTIC%20BOTTLES%20IDEA_%20-%20YouTube.jpg",11.573236889692586,8.17524115755627,1268.4267631103075,598.5289389067524,"bottle"
"500ml%20Clear%20Glass%20Bottle%20With%20Screw%20Cap....jpg",144.86434108527132,62.984496124031004,273.7403100775194,493.21705426356584,"bottle"
"500ml%20stainless%20steel%20Bottles....jpg",97.7422480620155,17.771317829457367,161.21124031007753,254.89147286821705,"bottle"
"600_%20Best%20Coca%20Cola%20Photos%20%C2%B7%20100_%20Free...%20(1).jpeg",146.07558139534882,184.59302325581393,432.4127906976744,613.3720930232557,"can"
"500_%20Water%20Bottle%20Pictures%20%5BHQ....jpg",1263.8842659883721,1548.5736434108526,2801.0703125,5658.697674418605,"bottle"
"500_%20Coca%20Cola%20Pictures%20_%20Download%20Free....jpg",1533.141646489104,735.4651162790698,3248.3958837772398,5158.91472868217,"can"
"87_929%20Water%20Bottle%20Stock%20Photos....jpg",110.89534883720931,23.720930232558143,294.7325581395349,551.5116279069767,"bottle"
"600_%20Best%20Coca%20Cola%20Photos%20%C2%B7%20100_%20Free....jpeg",151.88953488372093,123.54651162790697,343.75,606.1046511627907,"can"
"750ml%20Mountain%20Bottle%20with%20Screw%20Cap....jpg",187.5,17.441860465116278,312.5,487.40310077519376,"bottle"
"750mL%20Glass%20Spirit%20Bottle%20with%20Black....png",322.6744186046511,52.325581395348834,712.2093023255813,972.8682170542636,"bottle"
"a%20Beer%20Bottle%20Without%20a%20Bottle%20Opener....jpg",81.0126582278481,31.154541800643088,212.65822784810126,417.4889469453376,"bottle"
"adidas%20Performance%20Bottle.5%20L%20-%20White%20....jpg",195.93023255813955,20.930232558139537,413.37209302325584,582.5581395348838,"bottle"
"adidas%20x%20Classic%20LEGO%C2%AE%20Bottle%20-%20Yellow....jpg",194.76744186046514,17.44186046511628,398.2558139534884,579.0697674418606,"bottle"
"Anti-colic%20GLASS%20Baby%20Bottle....jpg",415.98837209302326,59.30232558139535,764.8255813953488,830.232558139535,"bottle"
"Ajanta%20Bottle%20Pvt%20Ltd%20-.jpeg",1249.9095840867992,62.821484375000004,1458.2278481012659,483.29648437500003,"bottle"
"Ajanta%20Bottle%20Pvt%20Ltd%20-.jpeg",1673.490054249548,87.146484375,1791.5370705244122,441.596484375,"bottle"
"alcohol%20bottles....jpg",342.8779069767442,548.1511627906976,1287.0639534883721,2025.3720930232557,"bottle"
"ATMAN%203PCS%20WATER%20BOTTLE%201000%20ml%20Water....jpeg",101.0713513962766,0.8062015503875969,200.99688331117022,374.8837209302325,"bottle"
"ATMAN%203PCS%20WATER%20BOTTLE%201000%20ml%20Water....jpeg",202.60858543882978,0.8062015503875969,301.7282662898936,373.27131782945736,"bottle"
"ATMAN%203PCS%20WATER%20BOTTLE%201000%20ml%20Water....jpeg",0,0,96.23624501329788,374.8837209302325,"bottle"
"ArtStation%20-%20Coca%20Cola%20Can.jpg",614.5388788426762,151.16961414790995,1301.989150090416,1026.282154340836,"can"
"Ask%20the%20experts_%20Plastic%20water%20bottles....jpg",561.0705244122965,36.9691722972973,799.9421338155515,577.5637668918919,"bottle"
"Ask%20the%20experts_%20Plastic%20water%20bottles....jpg",125.91681735985533,255.42863175675674,549.9602169981916,612.7394425675675,"bottle"
"Baby%20bottle%20-%20Wikipedia.jpg",154.94186046511626,84.78100775193799,409.2054263565891,924.3197674418606,"bottle"
"ArtStation%20-%20Coca%20cola%20can%20case.jpg",1201.3019891500903,481.0731511254019,1472.1157323688967,769.3046623794212,"can"
"ArtStation%20-%20Coca%20cola%20can%20case.jpg",989.5117540687161,446.34646302250803,1215.1898734177214,717.2146302250803,"can"
"ArtStation%20-%20Coca%20cola%20can%20case.jpg",798.5533453887884,408.14710610932474,1010.3435804701628,668.5972668810289,"can"
"ArtStation%20-%20Coca%20cola%20can%20case.jpg",614.5388788426762,369.94774919614144,808.9692585895117,623.4525723472668,"can"
"ArtStation%20-%20Coca%20cola%20can%20case.jpg",427.0524412296564,352.58440514469453,624.9547920433996,599.1438906752412,"can"
"ArtStation%20-%20Coca%20cola%20can%20case.jpg",249.98191681735986,314.38504823151123,427.05244122965644,553.999196141479,"can"
"Baby%20Feeding%20Bottle(%E0%A4%AC%E0%A5%87%E0%A4%AC%E0%A5%80%20%E0%A4%AB%E0%A5%80%E0%A4%A1%E0%A4%BF%E0%A4%82%E0%A4%97....jpeg",0.46303353658536583,41.51162790697675,184.19474085365852,594.2093023255815,"bottle"
"Best%20Glass%20Water%20Bottles%202021_%20Reusable....jpg",742.2480620155038,306.20155038759685,1470.9302325581393,1767.4418604651162,"bottle"
"Berlin%20Packaging%20_%20Bruni%20Glass%20-%20Jars....jpg",19.38155515370705,23.93842429577465,82.58227848101265,253.87363556338028,"bottle"
"Berlin%20Packaging%20_%20Bruni%20Glass%20-%20Jars....jpg",97.750452079566,71.10462147887324,159.26582278481013,254.71588908450704,"bottle"
"Berlin%20Packaging%20_%20Bruni%20Glass%20-%20Jars....jpg",174.43399638336345,133.43138204225352,269.6564195298372,254.71588908450704,"bottle"
"Berlin%20Packaging%20_%20Bruni%20Glass%20-%20Jars....jpg",266.2857142857143,62.682086267605634,326.11573236889694,263.13842429577466,"bottle"
"Berlin%20Packaging%20_%20Bruni%20Glass%20-%20Jars....jpg",342.126582278481,87.94969190140844,417.96745027124774,252.18912852112675,"bottle"
"Best%20Baby%20Bottles%20for%20Breastfed%20Babies....jpg",707.8488372093022,470.9302325581395,1007.2674418604649,1084.3023255813953,"bottle"
"Baby%20Milk%20Feeding%20Bottle....jpg",706.9767441860465,94.26356589147287,1877.8294573643411,2227.5968992248063,"bottle"
"Best%20Insulated%20Water%20Bottles%20(2021....jpg",105.34883720930233,73.95348837209302,268.6046511627907,672.5581395348837,"bottle"
"Best%20Insulated%20Water%20Bottles%20(2021....jpg",270,69.76744186046511,395.5813953488372,613.953488372093,"bottle"
"Best%20Insulated%20Water%20Bottles%20(2021....jpg",406.74418604651163,41.86046511627907,480,701.8604651162791,"bottle"
"Best%20Insulated%20Water%20Bottles%20(2021....jpg",2.0930232558139537,62.79069767441861,102.55813953488374,580.4651162790698,"bottle"
"Best%20glass%20water%20bottles%20to%20stay....jpg",86.74502712477396,79.15524193548386,531.5913200723327,197.12298387096772,"bottle"
"Best%20Reusable%20Water%20Bottles%202021_%20Top....jpg",16.40160891089109,0,831.302599009901,1414.9457364341085,"bottle"
"Best%20self-cleaning%20water%20bottle%20for...%20(1).jpg",138.22784810126583,29.879421221864952,184.55696202531647,229.45498392282957,"bottle"
"Best%20self-cleaning%20water%20bottle%20for...%20(1).jpg",187.59493670886079,29.120578778135048,232.40506329113927,227.17845659163984,"bottle"
"Best%20self-cleaning%20water%20bottle%20for...%20(1).jpg",233.92405063291142,30.638263665594852,283.29113924050637,228.69614147909965,"bottle"
"Best%20self-cleaning%20water%20bottle%20for...%20(1).jpg",281.7721518987342,29.879421221864952,331.8987341772152,228.69614147909968,"bottle"
"Best%20self-cleaning%20water%20bottle%20for...%20(1).jpg",331.8987341772152,30.638263665594852,383.5443037974684,230.97266881028938,"bottle"
"Best%20self-cleaning%20water%20bottle%20for...%20(1).jpg",35.696202531645575,27.60289389067524,85.82278481012659,227.93729903536976,"bottle"
"Best%20self-cleaning%20water%20bottle%20for...%20(1).jpg",83.54430379746836,29.120578778135048,134.43037974683546,228.69614147909965,"bottle"
"Best%20reusable%20water%20bottle%202022....jpg",112.8390596745027,124.42771084337349,301.627486437613,727.3192771084337,"bottle"
"Best%20reusable%20water%20bottle%202022....jpg",355.877034358047,115.75301204819276,564.1952983725135,716.4759036144578,"bottle"
"Best%20reusable%20water%20bottle%202022....jpg",616.2748643761302,126.59638554216866,857.1428571428571,735.9939759036145,"bottle"
"Best%20reusable%20water%20bottle%202022....jpg",904.882459312839,115.75301204819276,1065.4611211573238,740.3313253012047,"bottle"
"Best%20Water%20Bottles%202021%20_%20Bottles%20for....jpg",4.3399638336347195,28.700361010830328,256.05786618444847,555.0541516245488,"bottle"
"Best%20Water%20Bottles%202021%20_%20Bottles%20for....jpg",308.1374321880651,7.039711191335741,486.0759493670886,557.2202166064983,"bottle"
"Best%20Water%20Bottles%202021%20_%20Bottles%20for....jpg",546.8354430379746,48.194945848375454,724.7739602169981,550.7220216606498,"bottle"
"Best%20Water%20Bottles%202021%20_%20Bottles%20for....jpg",772.5135623869801,30.866425992779785,939.6021699819167,557.2202166064983,"bottle"
"Best%20Water%20Bottles%202021%20_%20Bottles%20for....jpg",987.3417721518987,41.69675090252708,1158.7703435804701,563.7184115523467,"bottle"
"Best%20self-cleaning%20water%20bottle%20for....jpg",251.71790235081374,0,438.33634719710665,628.2009698275863,"bottle"
"Best%20self-cleaning%20water%20bottle%20for....jpg",496.92585895117537,80.75269396551725,677.0343580470162,628.2009698275862,"bottle"
"Best%20self-cleaning%20water%20bottle%20for....jpg",748.6437613019891,24.269935344827587,954.7920433996383,626.0285560344828,"bottle"
"Best%20self-cleaning%20water%20bottle%20for...%20(2).jpg",273.6708860759494,73.53376205787781,651.0307414104883,503.064308681672,"bottle"
"Best%20Water%20Bottles%20for%20Cycling%202021....jpg",269.0777576853526,9.2057761732852,433.9963833634719,559.3862815884478,"bottle"
"Best%20Water%20Bottles%20for%20Cycling%202021....jpg",447.0162748643761,35.1985559566787,724.7739602169981,596.2093862815884,"bottle"
"Best%20Water%20Bottles%20for%20Cycling%202021....jpg",748.6437613019891,24.36823104693141,924.4122965641952,552.8880866425993,"bottle"
"Best%20Water%20Bottles%20for%20Cycling%202021....jpg",941.7721518987341,95.84837545126355,1200,587.5451263537907,"bottle"
"Best%20Water%20Bottles%20for%20Cycling%202021....jpg",0,41.69675090252708,238.69801084990956,594.043321299639,"bottle"
"Best%20Water%20Bottle%20Type_%20Glass%20vs....jpg",310.8527131782946,106.97674418604652,481.3953488372093,641.8604651162791,"bottle"
"Bisleri%20250ml%20Water%20Bottles%20Online%20at....jpg",272.72286821705427,308.62403100775197,377.27713178294573,605.9108527131783,"bottle"
"Bistro%20Glass%20Bottle%20Amber%201L....jpg",223.125,31.133720930232556,538.9098837209302,741.2790697674419,"bottle"
"Best%20water%20bottles_%20The%20ultimate....jpg",369.35985533453885,7.8490984107579465,555.8155515370705,705.448120415648,"bottle"
"Best%20water%20bottles%20of%202022%20_%20CNN....jpg",2194.632911392405,142.43368167202573,2821.670886075949,2162.4851286173634,"bottle"
"Beverage%20Bottles%20-%20Ball.jpg",805.6057866184449,187.84298780487805,1157.142857142857,1011.0137195121952,"bottle"
"Bisleri%20Rockstar%20300ml%20Water%20Bottles....jpg",124.35966257668711,152.44186046511626,244.35966257668713,351.2790697674418,"bottle"
"Bottle%20-%20Wikipedia.jpg",49.739583333333336,15.748062015503876,102.98032407407408,222.78875968992247,"bottle"
"Boldfit%20Gym%20Gallon%20Water%20Jug%20Bottle%20XL....png",346.8004052062869,90.89147286821705,628.7650417485265,613.1782945736434,"bottle"
"Bold%20Bottle%20_%20Reusable%20water%20bottles....jpg",174.23981829573935,137.59689922480618,385.41024436090225,939.9224806201549,"bottle"
"Bold%20Bottle%20_%20Reusable%20water%20bottles....jpg",387.34758771929825,143.4108527131783,588.8312969924812,941.860465116279,"bottle"
"Bottle%20-%20Wikipedia%20(1).jpg",859.3128390596745,428.31325301204816,1649.1862567811936,2562.289156626506,"bottle"
"Bottle%20-%20Wikipedia%20(1).jpg",1709.9457504520794,445.6626506024096,2482.4593128390597,2579.6385542168673,"bottle"
"Bottle%20-%20Wikipedia%20(1).jpg",2543.218806509946,419.6385542168674,3263.6528028933094,2501.5662650602408,"bottle"
"Bottle%20-%20Wikipedia%20(1).jpg",3385.171790235081,454.33734939759034,4140.325497287522,2432.1686746987953,"bottle"
"Bottle%20Dating%20Examples.jpg",359.88607594936707,5.64094387755102,470.96202531645565,298.6001275510204,"bottle"
"Bottle%20Dating%20Examples.jpg",654.6075949367088,163.95727040816325,789.3797468354429,533.8552295918366,"bottle"
"Bottle%20Dating%20Examples.jpg",542.0506329113923,221.66135204081633,666.4556962025315,541.2531887755101,"bottle"
"Bottle%20Dating%20Examples.jpg",379.1392405063291,419.9266581632653,509.4683544303797,553.0899234693877,"bottle"
"Bottle%20Dating%20Examples.jpg",192.53164556962025,263.08992346938777,318.4177215189873,554.5695153061224,"bottle"
"Bottle%20jar%20Images_%20Stock%20Photos....jpg",30.976491862567816,92.56918819188192,122.87341772151899,239.2850553505535,"bottle"
"Bottle%20jar%20Images_%20Stock%20Photos....jpg",132.16636528028934,34.70940959409594,205.47739602169983,235.1522140221402,"bottle"
"Bottle%20jar%20Images_%20Stock%20Photos....jpg",214.77034358047018,10.945571955719558,284.9837251356239,235.15221402214024,"bottle"
"Bottle%20jar%20Images_%20Stock%20Photos....jpg",297.374321880651,25.410516605166052,374.8155515370705,238.25184501845018,"bottle"
"Bottle%20jar%20Images_%20Stock%20Photos....jpg",382.0433996383364,65.70571955719556,446.06148282097655,242.38468634686348,"bottle"
"Bottle%20jar%20Images_%20Stock%20Photos....jpg",451.22423146473784,96.7020295202952,544.1537070524413,241.35147601476012,"bottle"
"Bottle%20Images_%20Stock%20Photos%20&%20Vectors....jpg",74.40566283924844,40.69767441860465,181.8795668058455,212.71317829457365,"bottle"
"Bottle%20Of%20Beer%20With%20Custom%20Label%20And....jpg",99.45459905660378,6.1395348837209305,227.2061713836478,457.3953488372093,"bottle"
"Bottle%20Jump%203D%20%E2%80%93%20Apps%20on%20Google%20Play.png",58.04651162790697,26.790697674418603,433.1162790697674,505.05426356589146,"bottle"
"Bottle%20Of%20Water%20Pictures%20_%20Download....jpg",121.40600775193799,38.98837209302326,238.28972868217056,437.2267441860465,"bottle"
"Bottles%20of%20Water%20Have%20Expiration%20Dates....jpg",190.9584086799277,13.149564125295507,248.82459312839063,226.87296838061465,"bottle"
"Bottles%20Coca%20Cola%20Soft%20Drinks%20330ml%20Can....jpg",161.33720930232556,20.348837209302324,338.6627906976744,476.7441860465116,"can"
"Bottles%20Wholesale%20-%20Wholesale%20Jars....jpg",22.78481012658228,81.42574257425743,173.41772151898735,416,"bottle"
"Bottles%20Wholesale%20-%20Wholesale%20Jars....jpg",182.27848101265823,137.1881188118812,297.46835443037975,413.46534653465346,"bottle"
"Bottles%20Wholesale%20-%20Wholesale%20Jars....jpg",308.8607594936709,192.95049504950495,410.126582278481,417.26732673267327,"bottle"
"Bottles%20Wholesale%20-%20Wholesale%20Jars....jpg",415.18987341772157,215.76237623762376,502.5316455696203,417.26732673267327,"bottle"
"Bottles%20Wholesale%20-%20Wholesale%20Jars....jpg",507.5949367088608,261.38613861386136,572.1518987341773,417.26732673267327,"bottle"
"Bottles%20Wholesale%20-%20Wholesale%20Jars....jpg",577.2151898734178,285.46534653465346,631.6455696202532,414.73267326732673,"bottle"
"Bottles%20Wholesale%20-%20Wholesale%20Jars....jpg",641.7721518987343,299.4059405940594,688.6075949367089,416,"bottle"
"Branded%20Metal%20Tide%20Insulated%20Vacuum....png",542.1511627906976,375,745.6395348837209,1188.953488372093,"bottle"
"Branded%20Metal%20Tide%20Insulated%20Vacuum....png",745.6395348837209,369.18604651162786,969.4767441860465,1203.4883720930231,"bottle"
"Branded%20Metal%20Tide%20Insulated%20Vacuum....png",969.4767441860464,360.4651162790698,1140.9883720930231,1148.2558139534883,"bottle"
"Branded%20Metal%20Tide%20Insulated%20Vacuum....png",1152.6162790697674,340.1162790697674,1303.7790697674418,1107.5581395348836,"bottle"
"Branded%20Metal%20Tide%20Insulated%20Vacuum....png",1297.9651162790697,322.6744186046511,1446.220930232558,1066.860465116279,"bottle"
"Branded%20Metal%20Tide%20Insulated%20Vacuum....png",350.2906976744186,357.5581395348837,518.8953488372092,1171.5116279069766,"bottle"
"Branded%20Metal%20Tide%20Insulated%20Vacuum....png",202.03488372093022,351.74418604651163,350.2906976744186,1087.2093023255813,"bottle"
"Branded%20Metal%20Tide%20Insulated%20Vacuum....png",42.15116279069767,334.30232558139534,213.6627906976744,1066.860465116279,"bottle"
"Burch%20Bottle%20&%20Packaging_%20Inc....jpg",54.14244186046511,16.558139534883722,145.0985142118863,231.81395348837208,"bottle"
"Buy%20Aquafina%20Packaged%20Drinking%20Water%201....jpg",306.1046511627907,20.930232558139537,567.7325581395348,877.3255813953489,"bottle"
"Buy%20BB%20Home%20Frost%20Stainless%20Steel%20Water...%20(1).jpg",111.75406871609403,43.59205776173285,196.38336347197105,275.3610108303249,"bottle"
"Buy%20BB%20Home%20Frost%20Stainless%20Steel%20Water...%20(1).jpg",199.63833634719708,51.17328519855596,277.75768535262205,280.7761732851986,"bottle"
"Buy%20BB%20Home%20Frost%20Stainless%20Steel%20Water...%20(1).jpg",281.0126582278481,47.924187725631775,363.4719710669077,276.44404332129966,"bottle"
"Buy%20BB%20Home%20Frost%20Stainless%20Steel%20Water...%20(1).jpg",368.89692585895114,50.09025270758123,436.16636528028926,279.69314079422384,"bottle"
"Buy%20BB%20Home%20Frost%20Stainless%20Steel%20Water...%20(1).jpg",442.6763110307414,49.0072202166065,518.625678119349,277.52707581227435,"bottle"
"Buy%20BB%20Home%20Frost%20Stainless%20Steel%20Water....jpg",307.8488372093023,47.093023255813954,565.9883720930233,870.3488372093022,"bottle"
"Buy%20BB%20Home%20Penta%20Plastic%20Pet%20Water....jpg",300.8720930232558,10.465116279069768,585.1744186046511,783.1395348837209,"bottle"
"Buy%20Cello%20H2o%20Unbreakable%20Water%20Bottle....jpg",182.65503875968992,8.720930232558139,327.0348837209302,493.2170542635659,"bottle"
"Buy%20Coca-Cola%20Can%20300ml%20Online%20at%20Low....jpg",264.5348837209302,25.1937984496124,667.6356589147287,984.4961240310076,"can"
"Buy%20Coca%20Cola%20Soft%20Drink%20Coke%20Zero%20300....jpg",47.96511627906976,65.89147286821705,208.81782945736433,433.1395348837209,"can"
"Buy%20Coca%20Cola%20Soft%20Drink%20Coke%20Zero%20300....jpg",292.15116279069764,62.984496124031004,448.15891472868213,434.1085271317829,"can"
"Buy%20Coca%20Cola%20Can%20300ml%20Online%20-%20Lulu....jpg",438.37209302325584,318.60465116279073,712.7906976744187,948.8372093023256,"can"
"Buy%20Elvira%2032oz%20Large%20Water%20Bottle%20with....jpg",60.241044207317074,0,473.4264100609756,1215.1162790697674,"bottle"
"Buy%20Elvira%2032oz%20Large%20Water%20Bottle%20with....jpg",473.42641006097557,0,1075.7459222560974,1188.953488372093,"bottle"
"Buy%20Flasks%20and%20Water%20Bottles%20Online....jpg",151.55038759689924,30.232558139534884,245.34883720930236,357.36434108527135,"bottle"
"Buy%20Flasks%20and%20Water%20Bottles%20Online...%20(1).jpg",160.85271317829458,31.007751937984498,237.5968992248062,351.16279069767444,"bottle"
"Buy%20Glass%20Bottle%20300%20ML%20at%20Best%20Price....png",160.57866184448463,40.03012048192771,239.42133815551537,254.7289156626506,"bottle"
"Buy%20Glass%20Ideas%20Glass%20Bottle%20-%20Plain....jpg",429.9418604651163,109.88372093023256,672.3837209302326,865.1162790697674,"bottle"
"Buy%20Glass%20Ideas%20Glass%20Bottle%20-%20Plain....jpg",675.8720930232558,54.06976744186046,895.6395348837209,784.8837209302326,"bottle"
"Buy%20Glass%20Ideas%20Glass%20Bottle%20-%20Plain....jpg",0.872093023255814,108.13953488372093,269.47674418604646,856.3953488372092,"bottle"
"Buy%20Kinley%20Club%20Soda%20125%20L%20Online%20At....png",316.56976744186045,31.3953488372093,569.4767441860465,865.1162790697674,"bottle"
"Buy%20Milton%20Water%20Bottle%20-%20Thermosteel....jpg",177.81007751937983,0.9689922480620154,318.3139534883721,494.18604651162786,"bottle"
"Buy%20Milton%20bottle%20Thermosteel%20Stainless....jpg",346.8992248062015,325.5813953488372,1040.6976744186045,1810.077519379845,"bottle"
"Buy%20Milton%20bottle%20Thermosteel%20Stainless....jpg",1118.2170542635658,279.06976744186045,1579.4573643410852,1790.6976744186045,"bottle"
"Buy%20Living%20essence%20Glass%20Bottle%20in....jpg",144.7674418604651,36.97674418604651,220.11627906976744,316.04651162790697,"bottle"
"Buy%20Rejuve%20Steel%20Bottle%201%20Ltr%20in%20Pink....jpg",128.02325581395348,0,230.5813953488372,357.90697674418607,"bottle"
"Buy%20Pexpo%20Stainless%20Steel%20Water%20Bottle....jpg",0,0,488.2100794797688,1634.3992248062016,"bottle"
"Buy%20the%20Noodoll%20Water%20Bottle%20at%20KIDLY%20UK.jpg",861.0488245931284,67.50856164383562,1138.8065099457503,660.9332191780821,"bottle"
"Buy%20Serial%20Sipper%20Water%20Bottle%20Online....jpg",158.43023255813952,21.31782945736434,315.40697674418607,457.3643410852713,"bottle"
"CDL.%20GLASS%20BOTTLE%20WHISKY%20(SPIRIT)%201L.jpeg",201.9864341085271,19.186046511627904,330.95930232558135,466.86046511627904,"bottle"
"Cap%20On%20A%20White%20Background%20Stock%20Photo....jpg",124.72191220238095,15.875968992248062,377.2100074404762,944.6201550387597,"bottle"
"Can%20You%20Freeze%20Water%20Bottles_%20Here_s....jpg",226.03978300180833,11.636348238482384,453.88788426763114,358.6932588075881,"bottle"
"Can%20You%20Freeze%20Water%20Bottles_%20Here_s....jpg",25.31645569620253,2.598407859078591,220.6148282097649,393.0374322493225,"bottle"
"Cello%20H2O%20Plastic%20Bottle%20_%201%20L_%20Set%20of_yythk....jpg",388.0813953488372,406.9767441860465,710.7558139534883,1441.860465116279,"bottle"
"Cello%20H2O%20Plastic%20Bottle%20_%201%20L_%20Set%20of_yythk....jpg",716.5697674418604,456.39534883720927,998.546511627907,1453.4883720930231,"bottle"
"Cello%20H2O%20Plastic%20Bottle%20_%201%20L_%20Set%20of_yythk....jpg",1015.9883720930231,380.8139534883721,1335.7558139534883,1441.860465116279,"bottle"
"cello%20Fridge%20Bottle%20Squaremate%20Set%20of%206....jpeg",123.37070524412296,48.88079084429824,206.87160940325498,317.4136855811403,"bottle"
"cello%20Fridge%20Bottle%20Squaremate%20Set%20of%206....jpeg",209.88065099457503,28.571580317982455,291.877034358047,291.08693119517545,"bottle"
"cello%20Fridge%20Bottle%20Squaremate%20Set%20of%206....jpeg",264.0433996383363,64.67684347587719,350.5533453887884,336.970703125,"bottle"
"cello%20Fridge%20Bottle%20Squaremate%20Set%20of%206....jpeg",333.251356238698,26.315001370614034,412.23869801084993,297.10447505482455,"bottle"
"cello%20Fridge%20Bottle%20Squaremate%20Set%20of%206....jpeg",3.7613019891500903,27.067194353070175,80.49186256781192,283.565001370614,"bottle"
"cello%20Fridge%20Bottle%20Squaremate%20Set%20of%206....jpeg",81.99638336347198,3.7492118969298245,160.98372513562387,245.955352247807,"bottle"
"Cello%20Ozone%20Plastic%20Water%20Bottle%20Set_%201....jpg",617.7325581395348,395.3488372093023,867.7325581395348,1340.1162790697674,"bottle"
"Cello%20Ozone%20Plastic%20Water%20Bottle%20Set_%201....jpg",1172.9651162790697,462.20930232558135,1350.2906976744184,1209.3023255813953,"bottle"
"Cello%20Ozone%20Plastic%20Water%20Bottle%20Set_%201....jpg",1015.9883720930231,444.7674418604651,1210.7558139534883,1270.3488372093022,"bottle"
"Cello%20Ozone%20Plastic%20Water%20Bottle%20Set_%201....jpg",425.8720930232558,433.1395348837209,643.8953488372092,1299.4186046511627,"bottle"
"Cello%20Ozone%20Plastic%20Water%20Bottle%20Set_%201....jpg",289.24418604651163,438.953488372093,422.9651162790698,1255.813953488372,"bottle"
"Cello%20H2O%20Unbreakable%20Plastic%20Bottle....jpg",675.8720930232557,601.7441860465116,946.220930232558,1418.6046511627906,"bottle"
"Cello%20H2O%20Unbreakable%20Plastic%20Bottle....jpg",928.7790697674418,406.9767441860465,1170.0581395348836,1241.2790697674418,"bottle"
"Cello%20H2O%20Unbreakable%20Plastic%20Bottle....jpg",1094.4767441860465,604.6511627906976,1367.7325581395348,1447.6744186046512,"bottle"
"Cello%20H2O%20Unbreakable%20Plastic%20Bottle....jpg",539.2441860465116,398.25581395348837,786.3372093023255,1247.093023255814,"bottle"
"Cello%20H2O%20Unbreakable%20Plastic%20Bottle....jpg",292.15116279069764,604.6511627906976,542.1511627906976,1438.953488372093,"bottle"
"Cello%20H2O%20Unbreakable%20Plastic%20Bottle....jpg",172.96511627906975,406.9767441860465,364.82558139534876,1226.7441860465115,"bottle"
"Cello%20Ozone%20Plastic%20Water%20Bottle%20Set_%201...%20(1).jpg",650.994575045208,114.1345029239766,862.5678119349005,814.2046783625731,"bottle"
"Cello%20Ozone%20Plastic%20Water%20Bottle%20Set_%201...%20(1).jpg",851.7179023508137,149.40935672514618,1017.1790235081373,800.6374269005847,"bottle"
"Cello%20Ozone%20Plastic%20Water%20Bottle%20Set_%201...%20(1).jpg",501.8083182640144,141.2690058479532,659.132007233273,778.9298245614034,"bottle"
"cello%20VENICE%20FRIDGE%20WATER%20BOTTLES%201000....jpeg",94.78481012658227,16.536073369565216,175.27667269439422,228.64911684782606,"bottle"
"cello%20VENICE%20FRIDGE%20WATER%20BOTTLES%201000....jpeg",182.7992766726944,12.775203804347825,261.03435804701627,245.94911684782608,"bottle"
"cello%20VENICE%20FRIDGE%20WATER%20BOTTLES%201000....jpeg",261.03435804701627,18.040421195652172,331.746835443038,288.8230298913044,"bottle"
"cello%20VENICE%20FRIDGE%20WATER%20BOTTLES%201000....jpeg",335.50813743218805,8.262160326086956,413.74321880650996,312.14042119565215,"bottle"
"cello%20VENICE%20FRIDGE%20WATER%20BOTTLES%201000....jpeg",12.03616636528029,215.1099864130435,261.7866184448463,316.65346467391305,"bottle"
"Chicco%20Duo%20Hybrid%20Baby%20Bottles%20with....jpg",100.32945736434108,85.31007751937985,335.8333333333333,573.1395348837209,"bottle"
"Chicco%20Duo%20Hybrid%20Baby%20Bottles%20with....jpg",302.1899224806201,49.263565891472865,520.8720930232557,514.2635658914728,"bottle"
"Cello%20Puro%20Steel-X%20Benz%20Stainless%20Steel....jpg",475.0387596899225,99.2248062015504,849.6124031007752,1220.4651162790697,"bottle"
"Cello%20Venice%20Plastic%20Bottle%20Set_%201....jpg",722.3837209302325,383.7209302325581,984.0116279069766,1418.6046511627906,"bottle"
"Cello%20Venice%20Plastic%20Bottle%20Set_%201....jpg",1135.174418604651,421.51162790697674,1329.9418604651162,1337.2093023255813,"bottle"
"Cello%20Venice%20Plastic%20Bottle%20Set_%201....jpg",338.6627906976744,436.04651162790697,530.5232558139535,1311.046511627907,"bottle"
"clean%20and%20sanitize%20your%20water%20bottle....jpg",580.4701627486437,0,919.5298372513562,750,"bottle"
"clean%20and%20sanitize%20your%20water%20bottle....jpg",952.0795660036166,0,1288.4267631103073,745.2617328519855,"bottle"
"clean%20and%20sanitize%20your%20water%20bottle....jpg",1304.7016274864375,0,1499.9999999999998,737.138989169675,"bottle"
"clean%20and%20sanitize%20your%20water%20bottle....jpg",233.27305605786617,3.3844765342960286,550.632911392405,731.7238267148014,"bottle"
"Clear%20Glass%20Bottle%20100ml....jpg",324.61240310077517,73.64341085271317,681.2015503875969,843.0232558139534,"bottle"
"Clear%2034%20oz.%20Giara%20Glass%20Water%20Bottle%20....jpg",226.16279069767444,8.13953488372093,377.3255813953489,586.046511627907,"bottle"
"Clean%20Insulated%20Bottles%20and%20Drinkware....jpg",564.7739602169983,29.011254019292604,761.5189873417722,714.2845659163986,"bottle"
"Clear%20PET%20Liquor%20Bottle-Cap....jpg",187.5,16.472868217054263,319.2829457364341,496.1240310077519,"bottle"
"Coca%20Cola%20300%20ml%20(Can)%20-%20JioMart.jpg",171.51162790697674,10.465116279069768,433.13953488372096,586.046511627907,"can"
"COCA%20COLA%20CAN%20300%20ML%20%E2%80%93%20MazBox.png",419.7674418604651,169.7674418604651,773.2558139534883,1020.9302325581396,"can"
"COCA%20COLA%20CAN%20300ML%20-%20SOFT%20DRINKS....jpg",191.47286821705427,41.86046511627907,593.0232558139535,793.7984496124031,"can"
"COCA%20COLA%20CAN%20180ML%20-%20SOFT%20DRINKS....jpg",200.77519379844964,15.503875968992249,605.4263565891473,787.5968992248063,"can"
"COCA%20COLA%20CAN%20300ML.jpg",119.3452734375,83.90697674418605,265.0777734375,412.8604651162791,"can"
"Coca%20Cola%20Can%20150%20Ml%20(Pack%20of%2024)-%20Buy_yythk....jpg",279.2170542635659,14.031007751937985,1129.4961240310079,1436.7751937984497,"can"
"Coca%20cola%20can%20by%20Ronak%20Jadhavrao%20on....png",135.2622061482821,46.536144578313255,263.29113924050637,251.83734939759034,"can"
"Coca%20Cola%20Can%20by%20masterche%20_%203DOcean.jpg",127.49031007751938,26.2984496124031,454.50581395348837,561.4147286821706,"can"
"Coca%20Cola%20Can%20at%20Rs%2024_piece%20_%20Cold....png",50.04277432126697,15.01937984496124,170.1151725113122,248.06201550387595,"can"
"Coca%20cola%20can%20editorial%20photography...%20(1).jpg",135.98553345388788,190.05324388586956,759.493670886076,465.24346127717394,"can"
"coca%20cola%20can%20by%20benwood%20_%203DOcean.jpg",397.83001808318267,104.40278336012861,622.0614828209765,535.2516579581993,"can"
"coca%20cola%20can%20by%20benwood%20_%203DOcean.jpg",622.0614828209765,55.524969855305464,853.5262206148282,455.5989248392283,"can"
"coca%20cola%20can%20by%20benwood%20_%203DOcean.jpg",171.79023508137433,46.47352290996784,405.0632911392405,439.3063203376206,"can"
"Coca%20cola%20can%20Images_%20Stock%20Photos...%20(1).jpg",71.69167536534447,29.844961240310077,187.30754175365342,228.44961240310076,"can"
"Coca%20cola%20can%20editorial%20photography....jpg",147.38372093023256,83.72093023255815,449.12790697674416,762.2093023255813,"can"
"Coca%20Cola%20Can%20High%20Resolution%20Stock...%20(1).jpg",186.45667404129793,121.22093023255813,785.0053466076696,1220.2906976744187,"can"
"Coca%20Cola%20Can%20High%20Resolution%20Stock....jpg",149.05451713395638,94.2829457364341,669.733644859813,1144.8643410852712,"can"
"Coca%20Cola%20Can%20High%20Resolution%20Stock...%20(2).jpg",16.455696202531644,421.1872925884956,244.48462929475588,769.2492394911505,"can"
"Coca%20Cola%20Can%20High%20Resolution%20Stock...%20(2).jpg",305.6057866184448,251.859858960177,519.5298372513562,781.0080890486726,"can"
"Coca%20Cola%20Can%20High%20Resolution%20Stock...%20(2).jpg",613.5623869801085,301.2470271017699,853.3453887884268,781.0080890486726,"can"
"Coca%20Cola%20Can%20High%20Resolution%20Stock...%20(2).jpg",926.2206148282098,143.67844303097345,1196.5641952983726,802.1740182522124,"can"
"Coca%20cola%20can%20Images_%20Stock%20Photos...%20(2).jpg",34.76290560471976,41.78294573643411,147.65966076696165,247.44186046511626,"can"
"Coca%20cola%20can%20Images_%20Stock%20Photos....jpg",137.5226039783002,15.880037783375315,241.8987341772152,257.08910579345087,"can"
"Coca%20cola%20can%20photography-HD000827-Picxy.jpg",462.26765799256503,202.28682170542635,1060.0371747211896,1344.612403100775,"can"
"Coca%20Cola%20Can%20Pictures%20_%20Download%20Free....jpg",2183.4358047016276,693.439024390244,3371.631103074141,3260.4634146341464,"can"
"Coca%20Cola%20Can%20Pictures%20_%20Download%20Free...%20(1).jpg",952.9469960653753,996.2906976744187,1920.571693401937,3328.0348837209303,"can"
"Coca%20Cola%20Can%20PNG%20Images_%20Free....png",63.40677966101695,9.767441860465116,170.79661016949152,271.3178294573643,"can"
"Coca%20Cola%20Can%20Reviews_%20Latest%20Review%20of....jpeg",0,0,172.32146271510518,290.09302325581393,"can"
"Coca%20Cola%20Can%20%E2%80%93%20330ml%20%E2%80%93%20Capitalmart.jpg",124.85396634615384,11.503875968992247,250.71935096153845,332.89341085271315,"can"
"Coca%20Cola%20Can%20%E2%80%93%20AskOnly.jpg",142.92635658914728,52.325581395348834,360.9496124031008,451.55038759689916,"can"
"Coca%20Cola%20Can%20PNG%20Image%20-%20PurePNG....png",358.04701627486435,0,818.0831826401446,791.063012295082,"can"
"Coca%20Cola%20Zero%20300%20ml%20(Can)%20-%20JioMart.jpg",193.6046511627907,48.83720930232558,409.8837209302326,544.186046511628,"can"
"Coca%20Cola%20Soft%20Drink%20Can%20250ml....jpeg",314.922480620155,48.44961240310077,683.1395348837209,943.798449612403,"can"
"Coca%20Cola%20Soft%20Drink%20300%20Ml%20Can%20at%20Rs_yythkg....png",119.59521484375,81.3953488372093,277.50146484375,445.7364341085271,"can"
"Coca%20Cola%20Classic%20(U.S.%20Origin)%2012fl.oz%20....png",137.3478982300885,62.79069767441861,389.39435840707966,530.232558139535,"can"
"Coca%20Cola%20Cold%20Drink....jpg",7.233273056057866,49.13403614457832,122.0614828209765,256.0617469879518,"can"
"Coca%20Cola%20Cold%20Drink....jpg",122.96564195298373,69.01355421686748,231.46473779385173,288.5918674698795,"can"
"Coca%20Cola%20Cold%20Drink....jpg",237.79385171790236,95.2183734939759,353.5262206148282,322.02560240963857,"can"
"Coca%20Cola%20Cold%20Drink....jpg",363.47197106690777,118.71234939759036,481.0126582278481,360.88102409638554,"can"
"Coca-Cola%20Can%20-%203D%20Model%20by%20luxmi_3d_studio.jpg",1206.9767441860465,558.139534883721,1909.3023255813955,1916.2790697674418,"can"
"Coca-Cola%20Can%20-%203D%20Model%20by%20luxmi_3d_studio.jpg",318.60465116279073,1027.906976744186,1193.0232558139535,1934.8837209302326,"can"
"Coca-Cola%20Can%2012%20FL%203D%20model%20-%20Food%20on_yythk....jpg",316.86046511627904,147.28682170542635,673.4496124031007,850.7751937984497,"can"
"Coca-Cola%20Can%20-%203D%20Model%20by%20luxmi_3d_studio%20(1).jpg",332.55813953488376,320.93023255813955,1151.1627906976746,1827.906976744186,"can"
"Coca-Cola%20Can%20-%203D%20Model%20by%20luxmi_3d_studio%20(1).jpg",802.3255813953489,1055.8139534883721,2127.906976744186,2232.5581395348836,"can"
"coca%20cola_%20product_%20tin%20can_%20soft%20drink....jpg",437.4418604651163,976.186046511628,2730.558139534884,3766.6046511627906,"can"
"Coca-Cola%20can%20250%20ml-tablets%20-%20Tawsyl.jpg",303.1007751937985,168.9922480620155,493.79844961240315,629.4573643410853,"can"
"Coca-Cola%20can%20330%20ml%20on%20white....jpg",329.1134259259259,312.984496124031,721.7399691358025,1298.062015503876,"can"
"Coca-Cola%20Can%20300ml%20(Pack%20of%204....jpg",533.7209302325582,6.976744186046512,996.5116279069769,1172.093023255814,"can"
"Coca-Cola%20Can%20300ml%20(Pack%20of%204....jpg",410.4651162790698,39.53488372093023,556.9767441860465,1130.232558139535,"can"
"Coca-Cola%20Can%20300ml%20(Pack%20of%204....jpg",301.16279069767444,51.162790697674424,415.1162790697675,1106.9767441860465,"can"
"Coca-Cola%20Can%20300ml%20(Pack%20of%204....jpg",196.51162790697674,79.06976744186046,310.4651162790698,1081.3953488372094,"can"
"Coca-Cola%20Can%20by%20Genewal%20Design%20on%20Dribbble.jpg",155.51537070524412,47.98192771084337,241.59132007233273,268.46385542168673,"can"
"Coca-Cola%20Can%203D%20Puzzle%20_%20Coca-Cola%20Store.png",177.63226141078837,47.96511627906976,516.0140041493776,702.0348837209302,"can"
"Coca-Cola%20Can%20300ml%20(Pack%20of%206)%20-%20Apni%20Shop.jpg",92.56395348837209,138.59302325581396,220.02906976744185,443.09302325581393,"can"
"Coca-Cola%20Can%20300ml%20(Pack%20of%206)%20-%20Apni%20Shop.jpg",218.00581395348837,138.59302325581396,341.4244186046512,448.15116279069764,"can"
"Coca-Cola%20Can%20300ml%20(Pack%20of%206)%20-%20Apni%20Shop.jpg",342.4360465116279,136.56976744186048,465.85465116279073,449.1627906976744,"can"
"Coca-Cola%20Can%20Soda%20Tin%20-%20Free%20photo%20on....jpg",203.6278653295129,173.64341085271317,605.6106733524355,1024.4961240310079,"can"
"Coca-Cola%20Can%20Price%20in%20India%20-%20Buy%20Coca....jpeg",1.311206896551724,0.8062015503875969,233.69741379310344,416,"can"
"Coca-Cola%20can%20_%203D%20CAD%20Model%20Library....jpg",57.072332730560575,96.33734939759037,774.3327305605786,555.9036144578314,"can"
"Coca-Cola%20Can%20%E2%80%93%20Global%20Grocery.jpeg",0,0,242.94741981907896,413.5813953488372,"can"
"Coca-Cola%20can%20_%20Smithsonian_s%20National%20Zoo.jpg",129.83350036443147,117.09302325581395,635.2358327259475,1049.4186046511627,"can"
"Coca-Cola%20Cans%20_Life%20Hacks....jpg",139.3891102257636,103.21344339622642,817.6361221779548,544.7228773584906,"can"
"Coca-Cola%20cola180%20ml%20Can%20_%20Amazon.in%20....jpg",291.57801418439715,52.659574468085104,802.5709219858156,1059.0425531914893,"can"
"Coca-Cola%20company%20trials%20first%20paper....jpg",388.8446215139442,16.549307193396228,600.1168658698539,525.41015625,"bottle"
"Coca-Cola%20Contour%20Bottle....jpg",106.03170955882352,76.8758865248227,461.9140625,1102.5620567375886,"bottle"
"Coca-Cola%20Is%20Changing%20Coke%20Zero_s....jpg",318.82978723404256,126.38297872340426,749.6808510638298,955.531914893617,"can"
"Coca-Cola%20_%20Coca-Cola%20Flavours%20in%20India....png",98.9683014354067,19.148936170212767,199.92523923444975,252.76595744680853,"can"
"Coca-Cola%20releases%20HK%20heritage%20design....jpg",5.3120849933598935,125.21017699115045,95.61752988047807,347.15707964601773,"can"
"Coca-Cola%20releases%20HK%20heritage%20design....jpg",107.30411686586984,129.45796460176993,192.29747675962813,352.4668141592921,"can"
"Coca-Cola%20releases%20HK%20heritage%20design....jpg",200.79681274900398,123.08628318584071,299.601593625498,350.3429203539823,"can"
"Coca-Cola%20releases%20HK%20heritage%20design....jpg",302.78884462151393,120.96238938053098,399.468791500664,351.4048672566372,"can"
"Coca-Cola%20releases%20HK%20heritage%20design....jpg",402.6560424966799,122.02433628318585,501.4608233731739,352.4668141592921,"can"
"Coca-Cola%20releases%20HK%20heritage%20design....jpg",507.8353253652058,124.14823008849558,601.32802124834,350.3429203539823,"can"
"Coca-Cola%20releases%20HK%20heritage%20design....jpg",606.6401062416999,119.90044247787611,703.3200531208499,356.7146017699115,"can"
"Coca-Cola%20releases%20HK%20heritage%20design....jpg",711.8193891102258,127.33407079646018,794.6879150066401,355.6526548672567,"can"
"Coca-Cola%20Regular%2024%20x%20330ml%20Online%20at....jpg",379.78723404255317,93.61702127659575,828.7234042553191,1114.8936170212767,"can"
"Coca-Cola%20rolls%20out%20new%20pack%20design%20for....jpg",738.6241699867198,123.12967581047383,1147.8618857901727,881.2344139650874,"can"
"Coca-Cola%20rolls%20out%20new%20pack%20design%20for....jpg",1155.3479415670652,140.58603491271822,1562.0903054448872,883.7281795511223,"can"
"Coca-Cola%20rolls%20out%20new%20pack%20design%20for....jpg",326.89110225763613,125.62344139650874,731.1381142098273,856.2967581047382,"can"
"Coca-Cola%20Sleek%20Can%20(Free)%20-%20Download....jpeg",752.191235059761,139.5371462264151,1147.4103585657372,1008.1220518867925,"can"
"COKE%20CAN%20300%20ML%20-%20Stationery%20items....jpg",138.74113475177305,30.141843971631204,342.6418439716312,482.26950354609926,"can"
"Coke%20Can%20PNG%20Images_%20Free%20Transparent....png",66.60864745011087,6.453900709219858,169.9168514412417,269.07801418439715,"can"
"COCACOLA%20POP%20CAN%20180ML.png",320.03546099290776,124.11347517730496,676.4184397163119,882.9787234042552,"can"
"Coke%20Can%20Stock%20Photo%20-%20Download%20Image....jpg",49.92559523809524,29.04964539007092,567.3363095238096,1002.2127659574468,"can"
"Coca-Cola....jpg",301.195219123506,35.85657370517929,607.1713147410359,558.1673306772908,"can"
"Coke%20Cans%20png%20images%20_%20PNGEgg.png",320.3187250996016,62.15139442231076,579.6812749003984,529.4820717131474,"can"
"Cold%20Water%20Bottle....jpeg",52.95720996732027,2.212765957446808,171.12714460784315,416,"bottle"
"Copper%20Bottle.jpg",386.3272727272727,37.23404255319148,638.4969696969697,825.3546099290779,"bottle"
"Coke%20can%20Stock%20Photos%20&%20Images....jpg",50.041250000000005,28.72340425531915,346.89725,564.8936170212766,"can"
"Copper%20bottle_%20Stay%20hydrated%20during%20the....jpg",554.5212765957447,15.957446808510639,816.2234042553191,880.8510638297872,"bottle"
"Crushed%20Coca%20Cola%20can%20cut-out%20-%20Stock....jpg",55.02913752913753,80.85106382978724,528.390442890443,699.2907801418439,"can"
"Double%20Walled%20Vacuum%20Insulated....jpg",647.9043824701196,255.83881578947367,815.6653386454184,708.5230263157895,"bottle"
"Double%20Walled%20Vacuum%20Insulated....jpg",792.5258964143427,101.73355263157895,948.7171314741037,712.3756578947368,"bottle"
"Double%20Walled%20Vacuum%20Insulated....jpg",1050.9163346613545,92.10197368421052,1214.820717131474,714.3019736842106,"bottle"
"Double%20Walled%20Vacuum%20Insulated....jpg",1270.7410358565737,250.05986842105264,1452,718.1546052631579,"bottle"
"Double%20Walled%20Vacuum%20Insulated....jpg",1183.96812749004,7.344078947368421,1344.0159362549803,282.8072368421053,"bottle"
"Double%20Walled%20Vacuum%20Insulated....jpg",632.4780876494024,5.417763157894737,825.3067729083665,286.65986842105264,"bottle"
"Double%20Walled%20Vacuum%20Insulated....jpg",524.4940239043825,95.95460526315789,661.402390438247,732,"bottle"
"Double%20Walled%20Vacuum%20Insulated....jpg",244.89243027888446,99.80723684210527,414.5816733067729,710.4493421052631,"bottle"
"Double%20Walled%20Vacuum%20Insulated....jpg",11.569721115537849,259.69144736842105,177.402390438247,725.8598684210526,"bottle"
"Double%20Walled%20Vacuum%20Insulated....jpg",117.62549800796813,5.417763157894737,269.9601593625498,259.69144736842105,"bottle"
"Eco%20Bottle%201L%20with%20Fliptop%20(2....jpg",461.87943262411346,106.38297872340425,715.4255319148936,976.950354609929,"bottle"
"Eco%20Bottle%201L%20with%20Fliptop%20(2....jpg",678.1914893617021,47.87234042553191,892.7304964539007,980.4964539007092,"bottle"
"Eco%20Bottle%201L%20with%20Fliptop%20(2....jpg",128.54609929078015,21.27659574468085,387.41134751773046,968.0851063829787,"bottle"
"Crystal-Infused%20Water%20Bottles_%20Do%20They....jpg",188.35372340425533,54.51063829787234,537.8058510638298,510.06382978723406,"bottle"
"Eco_%20Large%20Water%20Bottle%20%E2%80%93%20Tupperware%20US.jpg",982.2420212765957,174.30673758865248,1684.179964539007,2331.941489361702,"bottle"
"Eco_%20Medium%20Water%20Bottle%20%E2%80%93%20Tupperware%20US.jpg",1005.7969858156027,499.3652482269503,1679.4689716312055,2369.629432624113,"bottle"
"Essential%20Cycling%20Water%20Bottle%20550%20ml....jpg",304.25531914893617,263.82978723404256,504.2553191489362,696.4539007092199,"bottle"
"Evolution%20of%20Coke%20Bottles%20and%20Cans%20(1).jpg",235.90014940239044,69.7517730496454,493.86827689243023,548.049645390071,"can"
"Evolution%20of%20Coke%20Bottles%20and%20Cans%20(1).jpg",500.8403884462151,63.773049645390074,742.8722609561753,547.0531914893618,"can"
"Evolution%20of%20Coke%20Bottles%20and%20Cans%20(1).jpg",1.8364043824701195,69.7517730496454,249.84437250996015,535.0957446808511,"can"
"Empty%20Plastic%20Bottle%20Stock%20Photo....jpg",207.109125,165.21985815602835,492.22112500000003,940.4822695035461,"bottle"
"Emerald%20Green%20Glass%20Long%20Neck%20Beer....jpg",636.7021276595744,0,1172.872340425532,1784.0425531914893,"bottle"
"Fact%20Check%20Story_%20Photo%20of%20Coca%20Cola....jpg",155.99341863033874,66.06382978723404,418.29091494845363,459.5744680851064,"can"
"Evolution%20of%20Coke%20Bottles%20and%20Cans.jpg",741.0358565737051,3.5809018567639255,1082.0717131474103,595.6233421750663,"can"
"Expensive%20Water%20Bottles%20Are%20Millennials....jpg",112.19123505976096,49.864477040816325,854.183266932271,483.53794642857144,"bottle"
"Fridge%20Water%20Bottle%20Set....jpg",703.4574468085107,260.63829787234044,1043.8829787234042,1433.5106382978724,"bottle"
"Fridge%20Water%20Bottle%20Set....jpg",1136.968085106383,255.31914893617022,1480.0531914893616,1441.4893617021276,"bottle"
"Fridge%20Water%20Bottle%20Set....jpg",301.86170212765956,260.63829787234044,652.9255319148936,1428.1914893617022,"bottle"
"Fridge%20Water%20Bottle%20Set....jpg",17.28723404255319,98.40425531914893,304.52127659574467,1284.5744680851062,"bottle"
"F1%20Fragrance%20bottle....jpg",103.8937583001328,319.6491745283019,949.2111553784862,1956.4416273584907,"bottle"
"F1%20Fragrance%20bottle....jpg",1213.667994687915,27.196344339622645,2243.1606905710496,1975.3095518867924,"bottle"
"F1%20Fragrance%20bottle....jpg",2484.0053120849934,277.19634433962267,3404.8818061088978,1947.0076650943397,"bottle"
"Gatorade%20Squeeze%2032oz%20Plastic%20Water....jpg",130.85106382978725,2.127659574468085,263.4751773049645,400.00000000000006,"bottle"
"Gatorade%20Squeeze%20Bottle%20_%20Sport%20Chek.jpg",189.46808510638297,32.269503546099294,335.1418439716312,487.73049645390074,"bottle"
"Front%20View%20Of%20Coca%20Cola%20Can%20Stock%20Photo....jpg",79.2222721822542,60.677304964539005,277.28462230215825,412.77659574468083,"bottle"
"GIFTBASH%20Glass%20Bottle_%20100ML_%20Set%20of%204....jpg",250.886524822695,31.914893617021274,704.7872340425531,968.0851063829787,"bottle"
"Gemful%203L%20Large%20Water%20Bottle%20with....jpg",57.191489361702125,79.88652482269504,472.9645390070922,922.3262411347517,"bottle"
"Gemful%203L%20Large%20Water%20Bottle%20with....jpg",540.1418439716311,65.36170212765957,957.7304964539006,929.5886524822695,"bottle"
"Glass%20200%20ml%20Milk%20Bottle_%20Rs%2012%20_unit....jpg",78.23581560283688,28.368794326241133,170.87765957446808,238.47517730496452,"bottle"
"Glass%20Bottle%20Manufacturer%20in%20Europe...%20(1).jpg",193.61702127659575,259.5744680851064,612.0567375886525,800,"bottle"
"Glass%20Bottle%20Manufacturer%20in%20Europe....jpg",217.7304964539007,276.59574468085106,599.290780141844,800,"bottle"
"Glass%20Bottle%20Cork%20Stopper%20at%20Rs%2048....jpg",130.7624113475177,10.638297872340425,365.6914893617021,497.3404255319149,"bottle"
"Glass%20bottle%20shortage%20leaves%20US....jpg",948.0796812749004,52.463074882075475,1334.9907038512615,1244.4536409198113,"bottle"
"Glass%20bottle%20shortage%20leaves%20US....jpg",1358.6188579017264,28.85930129716981,1869.5776892430279,1241.503169221698,"bottle"
"Glass%20bottle%20shortage%20leaves%20US....jpg",575.9362549800796,52.463074882075475,909.6839309428951,1244.4536409198113,"bottle"
"glass%20bottle_New%20daily%20offers....jpg",184.8404255319149,78.01418439716312,317.8191489361702,492.02127659574467,"bottle"
"GS%20POLO%20Coca%20Cola%20Can%20Sipper%20Vaccum%20Mug....jpeg",20.82826086956522,1.2056737588652482,154.06884057971016,325.531914893617,"can"
"GS%20POLO%20Coca%20Cola%20Can%20Sipper%20Vaccum%20Mug....jpeg",128.74710144927536,182.6595744680851,381.3615942028986,335.7801418439716,"can"
"Guide%20to%20Wine%20Bottle%20Sizes%20_%20Wine%20Folly.jpg",147.6063829787234,601.595744680851,216.22340425531914,842.5531914893617,"bottle"
"Guide%20to%20Wine%20Bottle%20Sizes%20_%20Wine%20Folly.jpg",228.98936170212767,510.63829787234044,313.56382978723406,840.9574468085107,"bottle"
"Guide%20to%20Wine%20Bottle%20Sizes%20_%20Wine%20Folly.jpg",323.13829787234044,450,428.45744680851067,852.127659574468,"bottle"
"Guide%20to%20Wine%20Bottle%20Sizes%20_%20Wine%20Folly.jpg",439.62765957446805,323.93617021276594,572.0744680851063,848.936170212766,"bottle"
"Guide%20to%20Wine%20Bottle%20Sizes%20_%20Wine%20Folly.jpg",591.2234042553191,268.0851063829787,789.095744680851,837.7659574468084,"bottle"
"Guide%20to%20Wine%20Bottle%20Sizes%20_%20Wine%20Folly.jpg",821.0106382978723,23.93617021276596,1053.9893617021276,852.1276595744681,"bottle"
"Glass_%20Metal_%20Plastic%20-%20Which%20Water....jpg",1178.0079681274901,89.83108192231076,1420.2390438247012,883.4386516434263,"bottle"
"Goals%20Insulated%20Stainless%20Steel%20Water....png",90.88900862068967,92.15602836879432,239.854525862069,552.9361702127659,"bottle"
"Home%20iDrink%20-%20iDrink.jpg",356.6489361702128,62.234042553191486,554.5212765957447,847.3404255319149,"bottle"
"Hand%20Holding%20Coca%20Cola%20Can_%20by%20NOOR....jpg",124.64010624169987,67.81894841269842,285.85126162018594,269.2475198412699,"can"
"Home%20%E2%80%93%20EQUA%20-%20Sustainable%20Water%20Bottles.jpg",329.8804780876494,51.78593142023346,504.38247011952194,547.1361259727627,"bottle"
"Home%20%E2%80%93%20EQUA%20-%20Sustainable%20Water%20Bottles.jpg",604.7808764940239,44.60694309338521,791.2350597609562,575.8520792801556,"bottle"
"Home%20%E2%80%93%20EQUA%20-%20Sustainable%20Water%20Bottles.jpg",858.1673306772909,56.5719236381323,1044.6215139442231,571.0660870622568,"bottle"
"How%20to%20Use%20a%20Density%20Bottle.png",91.92819148936171,55.23936170212766,238.6835106382979,396.5691489361702,"bottle"
"How%20to%20draw%20a%20coca%20cola%20slim%20can%20-%20Yo.jpg",484.46215139442234,91.32665094339623,710.5444887118194,646.6096698113207,"can"
"How%20to%20buy%20bottles%20and%20nipples%20_%20BabyCenter.jpg",518.8198553856382,46.41843971631205,992.253366023936,714.0248226950354,"bottle"
"How%20to%20buy%20bottles%20and%20nipples%20_%20BabyCenter.jpg",30.37836602393617,53.244680851063826,506.54060006648933,714.0248226950354,"bottle"
"How%20to%20Clean%20a%20Water%20Bottle%E2%80%94Because...%20(1).jpg",5.319148936170212,255.31914893617014,680.8510638297872,1581.560283687943,"bottle"
"How%20to%20Clean%20a%20Water%20Bottle%E2%80%94Because...%20(1).jpg",700.3546099290779,35.46099290780142,1324.468085106383,1354.6099290780141,"bottle"
"How%20to%20Clean%20a%20Water%20Bottle%E2%80%94Because...%20(1).jpg",1352.836879432624,0,1945.0354609929077,1092.1985815602836,"bottle"
"Impossible%20bottle%20-%20Wikipedia.jpg",149.33333333333331,336,954.6666666666665,2661.333333333333,"bottle"
"Impossible%20bottle%20-%20Wikipedia.jpg",997.3333333333333,325.3333333333333,1765.3333333333333,2661.3333333333335,"bottle"
"Irish%20message%20in%20a%20bottle%20found%2040....jpg",259.3181146572104,0,442.53324468085106,810.8705673758866,"bottle"
"Jameson%20Water%20Bottle%20_%20Jameson%20Irish....jpg",215.00058851224105,95.74468085106383,344.81226459510356,520.2127659574468,"bottle"
"Insulated%20Water%20Bottles....jpg",296.2481426448737,30.886524822695037,514.9702823179792,639.113475177305,"bottle"
"KENKO%20COPPER%20WATER%20BOTTLE%201%20LITER(MHS....jpg",264.36170212765956,29.78723404255319,415.42553191489355,581.9148936170213,"bottle"
"KENT%20Thermos%20Bottles%20&%20Stainless%20Steel....png",958.8313413014608,252.25415711009177,1180.8764940239043,850.1899369266056,"bottle"
"KENT%20Thermos%20Bottles%20&%20Stainless%20Steel....png",1317.1314741035856,350.64865252293583,1486.1885790172641,918.3092029816514,"bottle"
"KENT%20Thermos%20Bottles%20&%20Stainless%20Steel....png",441.5670650730412,262.3459002293578,643.4262948207172,890.5569094036698,"bottle"
"LARQ%20_%20Self-cleaning%20Water%20Bottle%20_%20As...%20(1).jpg",443.6702127659575,161.70212765957447,686.2234042553192,988.404255319149,"bottle"
"Laboratory%20Bottle%20WITH%20PP%20Pouring%20Ring....png",177.12765957446808,2.127659574468085,421.8085106382979,578.7234042553191,"bottle"
"Kids%20Water%20Bottles%20-%20Buy%20School%20Water....jpeg",113.49497487437186,4.340425531914893,381.59547738693465,608.7446808510638,"bottle"
"Kuber%20Industries%20Cola%20Stainless%20Steel....jpg",258.0652573529412,94.26418439716312,684.045649509804,1405.8829787234042,"bottle"
"Lable-free%20Bottle%20_%20evian%C2%AE%20-%20evian....jpg",1201.7348600332593,363.29787234042556,1913.9188955099776,2417.1418439716317,"bottle"
"Lable-free%20Bottle%20_%20evian%C2%AE%20-%20evian....jpg",290.91446092017736,421.42553191489367,954.650602827051,2339.6382978723404,"bottle"
"meaning%20in%20the%20Cambridge%20English%20Dictionary.jpg",47.16312056737589,4.964539007092199,103.19148936170214,191.48936170212767,"bottle"
"LARQ%20_%20Self-cleaning%20Water%20Bottle%20_%20As...%20(2).jpg",355.0531914893617,172.3404255319149,543.3510638297872,791.4893617021277,"bottle"
"LARQ%20_%20Self-cleaning%20Water%20Bottle%20_%20As....jpg",337.5,204.25531914893617,544.9468085106383,831.3829787234042,"bottle"
"Matchstix%20Coke%20Can%20Stainless%20Steel....jpg",339.290780141844,61.276595744680854,929.3617021276596,1191.4893617021278,"can"
"Mainstays%2022-ounce%20Plastic%20Water%20Bottle....jpg",1848.404255319149,567.3758865248227,3160.4609929078015,4539.007092198582,"bottle"
"Milton%20Duo%20DLX%201000%20Thermosteel%2024....jpg",740.0953389830509,101.75531914893618,1292.6377118644068,1848.5549645390072,"bottle"
"Milton%20Aqua%201000%20Stainless%20Steel%20Water....jpg",349.0969455511288,28.18535407725322,628.6321381142097,576.6832081545065,"bottle"
"Message%20in%20a%20bottle%20finders%20speak%20to%20US....jpg",138.70916334661354,116.53301886792453,817.2961487383798,407.24999999999994,"bottle"
"Menu%20Bottle%20Carafe%20with%20Lid....jpg",679.0780141843971,124.11347517730496,1186.1702127659573,1900.7092198581558,"bottle"
"Metal%20Water%20Bottle_%20GREY.png",719.7032374100719,90.42553191489361,1502.2931654676258,2941.4893617021276,"bottle"
"Moomin%20_Apples_%20Glass%20Bottle%201%20l....jpg",340.47783687943263,13.5177304964539,627.729609929078,952.9999999999999,"bottle"
"Multi-Colour%20Roundel%20Water%20Bottle.jpg",258.77659574468083,27.30496453900709,453.63475177304963,675.177304964539,"bottle"
"Milton%20Water%20Bottles%20Online%20at....jpeg",308.12212449255753,0,458.8447225981056,448.7836879432624,"bottle"
"Milton%20Water%20Bottles%20Online%20at....jpeg",461.3291610284168,4.140070921985815,612,457.8918439716312,"bottle"
"Milton%20Water%20Bottles%20Online%20at....jpeg",149.94621109607579,0,301.4969553450609,451.2677304964539,"bottle"
"Milton%20Water%20Bottles%20Online%20at....jpeg",9.989512855209743,0,144.14918809201623,456.2358156028369,"bottle"
"Monkey%20Bottles%20%E2%80%93%20monkeycups.ie.jpg",112.23404255319149,45.744680851063826,229.25531914893617,536.1702127659574,"bottle"
"Monkey%20Bottles%20%E2%80%93%20monkeycups.ie.jpg",425,89.36170212765957,522.8723404255319,455.31914893617017,"bottle"
"Monkey%20Bottles%20%E2%80%93%20monkeycups.ie.jpg",325,75.53191489361701,429.25531914893617,472.3404255319149,"bottle"
"Monkey%20Bottles%20%E2%80%93%20monkeycups.ie.jpg",223.93617021276594,67.02127659574468,338.82978723404256,502.12765957446805,"bottle"
"network%20Bottles%20for%20Fridge%20School%20Use....jpeg",155.2624113475177,30.241134751773046,263.6879432624113,357.73049645390074,"bottle"
"network%20Bottles%20for%20Fridge%20School%20Use....jpeg",271.8014184397163,28.76595744680851,375.8014184397163,359.94326241134746,"bottle"
"network%20Bottles%20for%20Fridge%20School%20Use....jpeg",43.88652482269503,30.978723404255316,144.19858156028369,363.63120567375887,"bottle"
"Personalized%20Water%20Bottle%20-%20For%20Gym....jpg",221.80851063829786,74.46808510638297,389.89361702127655,546.8085106382979,"bottle"
"Nike%20Big%20Mouth%20Water%20Bottle%202.0%2022oz%20....jpg",394.6808510638298,2.127659574468085,805.3191489361702,1191.4893617021276,"bottle"
"Odel%20600Ml%20Plastic%20Bottle%20_%20Odel.lk.jpeg",208.77659574468086,93.08510638297872,769.9468085106383,1449.468085106383,"bottle"
"PET%20bottles.jpg",152.26828153564898,33.851063829787236,290.9446983546618,412.51063829787233,"bottle"
"Ocean%20Bottle_%20The%20world_s%20most%20needed....png",168.18524096385542,7.226950354609929,741.0768072289158,896.1418439716313,"bottle"
"Plastic%20Bottles%20in%20Mumbai_%20%E0%A4%AA%E0%A5%8D%E0%A4%B2%E0%A4%BE%E0%A4%B8%E0%A5%8D%E0%A4%9F%E0%A4%BF%E0%A4%95....jpg",68.48404255319149,21.71985815602837,186.83510638297872,241.57801418439715,"bottle"
"Plastic%20Bottle%20Pictures%20%5BHQ%5D%20_%20Download....jpg",61.026761968085104,29.72340425531915,248.5586768617021,441.34751773049646,"bottle"
"Plain%20Water%20bottle%20_%20Water%20bottles....jpg",176.65816326530611,78.29787234042554,326.31802721088434,537.8723404255319,"bottle"
"Plastic%20Drink%20Water%20Bottle%20Stock%20Photo....jpg",141.9558359621451,29.04964539007092,430.86435331230285,949.5602836879433,"bottle"
"Pump%20Still%20Water%20Bottle%20750mL%20_%20Woolworths.jpg",381.9148936170213,4.25531914893617,811.7021276595744,1197.872340425532,"bottle"
"Plastic%20Empty%20Water%20Bottle_%20Capacity....jpg",173.31560283687944,7.978723404255319,339.09574468085106,492.02127659574467,"bottle"
"Plastic%20water%20bottle%203D%20model....jpg",243.82470119521912,3.4330466830466833,353.7848605577689,315.4920147420147,"bottle"
"PUMA%20Sportstyle%20Unisex%20Training%20600ml....jpg",657.8014184397163,31.914893617021274,1342.1985815602836,1964.5390070921985,"bottle"
"Plastic%20Water%20Bottle%20Safety%20Tips....jpg",64.78486055776892,245.0557768924303,1752.0079681274901,985.8565737051792,"bottle"
"Realistic%20Coca%20cola%20can%203D%20model%20_%20CGTrader.jpg",58.95390070921985,7.978723404255319,415.3368794326241,468.0851063829787,"can"
"Reagent%20Bottle%20with%20Screw%20Cap_%20Clear....jpg",167.5531914893617,38.29787234042553,410.1063829787234,539.3617021276596,"bottle"
"Pura%20Stainless%20_%20Stainless%20Steel%20Baby....png",22.90178571428571,16.18617021276596,226.71130952380952,534.1436170212767,"bottle"
"Reuse%20My%20Bottled%20Water%20Bottle....jpg",1324.468085106383,120.56737588652481,2000,1999.9999999999998,"bottle"
"Reuse%20Old%20Plastic%20Bottles.png",123.87830369015957,131.6595744680851,573.1070270944149,454.9007092198582,"bottle"
"Smart%20Water%20Bottles%20That%20Are%20Worth%20the....jpg",282.6029216467463,8.981661676646707,431.34130146082333,422.8938373253493,"bottle"
"Sparkling%20Wine%20Bottle%20Clear%20750ml%20-%20The....jpg",369.6808510638298,26.595744680851062,642.7304964539007,971.6312056737588,"bottle"
"Solimo%20Plastic%20Fridge%20Bottle%20Set....jpg",776,0,1373.8367346938776,2201.326241134752,"bottle"
"Solimo%20Plastic%20Fridge%20Bottle%20Set....jpg",1516.3673469387754,7.918439716312057,2122.122448979592,2213.20390070922,"bottle"
"Solimo%20Plastic%20Fridge%20Bottle%20Set....jpg",19.79591836734694,15.836879432624114,605.7551020408164,2197.367021276596,"bottle"
"SOMA%20Glass%20Bottle%20_%20SOMA%20Water%20Singapore.jpg",477.6595744680851,168.08510638297872,739.3617021276596,1036.1702127659573,"bottle"
"Stainless%20Steel%20Reusable%20Insulated%20Bottles.png",198.37167405764967,121.01063829787233,395.26746119733923,730.0531914893617,"bottle"
"Stainless%20Steel%20Bottle%20Peacock....jpg",242.26950354609932,49.9290780141844,382.97872340425533,591.2056737588653,"bottle"
"Sprite%202L%20Bottle%20_%20Walmart%20Canada.jpg",309.8404255319149,7.9787234042553195,820.4787234042553,1462.7659574468084,"bottle"
"Stainless%20Steel%20Water%20Bottles%2027%20oz....jpg",216.48936170212767,84.04255319148936,373.936170212766,573.4042553191489,"bottle"
"Stone%20_%20S_well%C2%AE%20Bottle%20Official.png",96.06142241379311,93.19148936170212,237.78556034482762,549.8297872340426,"bottle"
"S_well%20Stainless%20Steel%20Water%20Bottles....jpg",35.059760956175296,64.69897203947369,93.22709163346613,270.42002467105266,"bottle"
"S_well%20Stainless%20Steel%20Water%20Bottles....jpg",101.19521912350596,106.95949835526316,166.53386454183266,273.60949835526316,"bottle"
"S_well%20Stainless%20Steel%20Water%20Bottles....jpg",174.5019920318725,62.30686677631579,260.55776892430276,264.83844572368423,"bottle"
"S_well%20Stainless%20Steel%20Water%20Bottles....jpg",258.9641434262948,75.86212993421053,313.9442231075697,272.81212993421053,"bottle"
"S_well%20Stainless%20Steel%20Water%20Bottles....jpg",356.1752988047809,88.62002467105263,444.6215139442231,268.82528782894735,"bottle"
"S_well%20Stainless%20Steel%20Water%20Bottles....jpg",509.1633466135458,67.09107730263158,567.3306772908367,272.0147615131579,"bottle"
"Steel%20Water%20Bottle%201200ml%20-%20Miniso.jpg",595.8333333333334,130.67375886524823,933.2446808510639,994.6808510638299,"bottle"
"Steel%20Water%20Bottle%201200ml%20-%20Miniso.jpg",254.5212765957447,339.36170212765956,459.3085106382979,908.8652482269504,"bottle"
"Technology%20Coca-Cola%20Can%20Safe%20DS-COKE....jpg",7.623724489795918,5.2712765957446805,516,980.4574468085106,"can"
"S_well%20Stainless%20Steel%20Water%20Bottles....png",152.9017857142857,100.42553191489361,229.43239795918365,381.27659574468083,"bottle"
"The%208%20Best%20Reusable%20Water%20Bottles%20(2022...%20(1).jpg",987.6361221779548,85.2094414893617,1471.8964143426294,1207.7815455082743,"bottle"
"The%208%20Best%20Reusable%20Water%20Bottles%20(2022....jpg",134.25531914893617,42.5531914893617,188.29787234042553,194.46808510638297,"bottle"
"The%208%20Best%20Water%20Bottles%20for%202022...%20(2).jpg",179.5059760956175,134.86528884462152,911.1288180610889,683,"bottle"
"The%208%20Best%20Water%20Bottles%20for%202022....jpg",85.67330677290836,197.26259946949602,199.90438247011951,439.0026525198939,"bottle"
"The%208%20Best%20Water%20Bottles%20for%202022....jpg",243.42098273572375,96.76392572944296,348.132802124834,455.2997347480106,"bottle"
"The%208%20Best%20Water%20Bottles%20for%202022....jpg",349.4926958831341,119.85145888594164,431.08632138114206,384.6790450928381,"bottle"
"The%208%20Best%20Water%20Bottles%20for%202022....jpg",538.5179282868526,121.20954907161803,622.8313413014608,418.631299734748,"bottle"
"The%208%20Best%20Water%20Bottles%20for%202022....jpg",821.3758300132802,210.84350132625994,913.8486055776892,439.0026525198939,"bottle"
"The%208%20Best%20Water%20Bottles%20for%202022....jpg",726.1832669322708,178.24933687002653,805.0571049136786,410.48275862068965,"bottle"
"The%208%20Best%20Water%20Bottles%20for%202022....jpg",656.8286852589641,137.50663129973475,738.4223107569721,371.0981432360743,"bottle"
"The%208%20Best%20Water%20Bottles%20for%202022...%20(1).jpg",791.4581673306773,105.9183578187251,1232.0637450199201,1296.894453436255,"bottle"
"Top%20COCA%20COLA%20CAN%20330ML%20(PACK%20OF%2024....jpeg",115.80345285524568,120.84037162162163,219.9203187250996,247.34487612612614,"can"
"Top%20COCA%20COLA%20CAN%20330ML%20(PACK%20OF%2024....jpeg",227.35723771580345,115.52505630630631,328.2868525896414,249.47100225225225,"can"
"Top%20COCA%20COLA%20CAN%20330ML%20(PACK%20OF%2024....jpeg",330.41168658698535,107.0205518018018,433.4661354581673,234.58811936936937,"can"
"Top%20COCA%20COLA%20CAN%20330ML%20(PACK%20OF%2024....jpeg",431.34130146082333,103.83136261261261,533.3333333333333,228.209740990991,"can"
"Top%20COCA%20COLA%20CAN%20330ML%20(PACK%20OF%2024....jpeg",531.2084993359894,97.45298423423424,634.2629482071713,223.95748873873873,"can"
"Top%20COCA%20COLA%20CAN%20330ML%20(PACK%20OF%2024....jpeg",630.0132802124833,87.88541666666667,729.8804780876493,214.38992117117118,"can"
"Trendy%20Stainless%20Steel%20Water%20Bottle....jpg",305.5851063829787,28.72340425531915,584.8404255319149,871.2765957446808,"bottle"
"The%20Best%20Kids%20Water%20Bottles%20for%202022....jpg",856.7330677290836,263.62752116533864,1256.5418326693225,1204.4442542330676,"bottle"
"The%20Best%20Kids%20Water%20Bottles%20for%202022....jpg",1332.69588313413,176.61556897410358,1773.301460823373,1182.6912661852589,"bottle"
"The%20Best%20Kids%20Water%20Bottles%20for%202022....jpg",269.2589641434263,230.9980390936255,810.4966799468791,1207.1633777390439,"bottle"
"Thermos%20Water%20Bottle%20(New%20Designs....png",236.70212765957447,78.72340425531915,365.4255319148936,488.29787234042556,"bottle"
"TRITAN%E2%84%A2%20BOTTLE%20Wide%20Mouth%20(1%20Liter....jpg",140.51418439716312,15.957446808510637,382.5354609929078,469.85815602836874,"bottle"
"Tupperware%20Aquasafe%20Steel%20Water%20Bottle....jpg",290.1152482269503,60.28368794326241,544.813829787234,840.9574468085106,"bottle"
"Tupperware%20Aquasafe%20Cool%20n%20Chic%20500ml....jpg",386.17021276595744,72.34042553191489,630.8510638297872,1131.9148936170213,"bottle"
"Tupperware%20Aquasafe%20Cool%20n%20Chic%20500ml....jpg",647.8723404255319,180.85106382978722,892.5531914893617,1121.276595744681,"bottle"
"Wash%20Your%20Water%20Bottle....jpeg",119.09163346613546,71.39802194148936,195.74103585657372,316.36078789893617,"bottle"
"Water%20Bottle%20-%20Frankztreat.jpg",365.84397163120565,36.31205673758865,665.418439716312,956.822695035461,"bottle"
"Two-liter%20bottle%20-%20Wikipedia.jpg",317.5879396984925,27.338652482269502,634.3718592964824,903.7836879432624,"bottle"
"Two-liter%20bottle%20-%20Wikipedia.jpg",10.452261306532664,32.163120567375884,315.97989949748745,907,"bottle"
"Water%20Bottle%20500%20ML%20-%20Tunturi%20Fitness.jpg",645.1241134751773,124.64539007092199,1264.9822695035461,1745.035460992908,"bottle"
"Water%20Bottle%20500%20ML%20-%20Tunturi%20Fitness.jpg",1278.4574468085107,114.53900709219859,1864.627659574468,1785.4609929078015,"bottle"
"Water%20Bottle%20500%20ML%20-%20Tunturi%20Fitness.jpg",11.790780141843971,111.17021276595744,641.7553191489361,1771.9858156028367,"bottle"
"Water%20bottle%20Images_%20Stock%20Photos....jpg",60.421495956873315,33.26241134751773,123.90397574123989,230.35460992907798,"bottle"
"Water%20Bottle%2028%20cl_%20Mat%20Navy%20-%20GLACIAL....jpg",386.96808510638294,29.25531914893617,857.7127659574468,1473.404255319149,"bottle"
"Water%20Bottles%20for%20Staying%20Hydrated....jpg",49.46808510638298,106.91489361702128,272.87234042553195,807.4468085106382,"bottle"
"Water%20Bottles%20for%20Staying%20Hydrated....jpg",445.2127659574468,138.82978723404256,682.9787234042553,818.6170212765958,"bottle"
"Water%20Bottles%20for%20Staying%20Hydrated....jpg",879.2553191489361,100.53191489361701,1091.4893617021276,801.063829787234,"bottle"
"Water%20Bottles%20for%20Runners.jpg",1333.6613545816733,84.31025598404256,1997.7250996015937,2012.1932347074471,"bottle"
"Water%20Bottles%20for%20Runners.jpg",2899.745019920319,84.31025598404256,3569.342629482072,2039.8927027925533,"bottle"
"Water%20Bottles%20for%20Runners.jpg",603.191235059761,161.86876662234044,1250.6533864541834,2028.8129155585107,"bottle"
"Water%20Bottles%20for%20Runners.jpg",0,0,464.8446215139443,2023.2730219414896,"bottle"
"Water%20Bottles%20for%20Runners.jpg",3680.0199203187253,117.54961768617022,4167,2083,"bottle"
"Water%20Bottles%20That%20Track%20Intake...%20(1).jpg",623.5253537735849,64.9645390070922,860,891.6382978723404,"bottle"
"Water%20Bottles%20That%20Track%20Intake...%20(1).jpg",414.2045990566038,456.3758865248227,573.2234669811321,916,"bottle"
"Water%20Bottles%20That%20Track%20Intake...%20(1).jpg",229.22346698113208,464.49645390070924,375.2612028301887,906.2553191489362,"bottle"
"Water%20Bottles%20That%20Track%20Intake...%20(1).jpg",19.902712264150946,467.74468085106383,162.69516509433964,904.6312056737588,"bottle"
"Water%20bottles....jpg",301.79282868525894,16.814196832579185,454.1832669322709,423.9635180995475,"bottle"
"Water%20Bottles%20That%20Track%20Intake....jpg",135.23936170212767,3.9893617021276597,294.81382978723406,402.1276595744681,"bottle"
"Water%20Bottles_%20Buy%20Water%20Bottles%20(%E0%A4%AA%E0%A4%A8%E0%A4%BF....jpeg",10.048076923076923,25.159574468085108,76.36824324324324,240.61702127659575,"bottle"
"Water%20Bottles_%20Buy%20Water%20Bottles%20(%E0%A4%AA%E0%A4%A8%E0%A4%BF....jpeg",78.65514553014553,22.414893617021278,146.80483367983368,241.53191489361703,"bottle"
"Water%20Bottles_%20Buy%20Water%20Bottles%20(%E0%A4%AA%E0%A4%A8%E0%A4%BF....jpeg",150.0064968814969,22.414893617021278,214.03976091476093,241.53191489361703,"bottle"
"Water%20Bottles_%20Buy%20Water%20Bottles%20(%E0%A4%AA%E0%A4%A8%E0%A4%BF....jpg",30.630197505197508,3.6595744680851063,111.58653846153848,258,"bottle"
"%E2%84%A2%E2%9C%93%20Coca%20Cola%20(Coke)%20Soft%20Drink%20Can....jpg",39.558510638297875,152.32978723404256,191.88829787234044,540.8297872340427,"can"
"%E2%84%A2%E2%9C%93%20Coca%20Cola%20(Coke)%20Soft%20Drink%20Can....jpg",230.85638297872342,247.97872340425533,311.15425531914894,468.79787234042556,"can"
"%E2%84%A2%E2%9C%93%20Coca%20Cola%20(Coke)%20Soft%20Drink%20Can....jpg",311.15425531914894,238.53191489361703,384.3670212765958,451.0851063829788,"can"
"%E2%84%A2%E2%9C%93%20Coca%20Cola%20(Coke)%20Soft%20Drink%20Can....jpg",389.09042553191495,234.98936170212767,457.5797872340426,442.8191489361702,"can"
"%E2%84%A2%E2%9C%93%20Coca%20Cola%20(Coke)%20Soft%20Drink%20Can....jpg",456.3989361702128,224.36170212765958,514.2606382978723,428.6489361702128,"can"
"%E2%84%A2%E2%9C%93%20Coca%20Cola%20(Coke)%20Soft%20Drink%20Can....jpg",521.3457446808511,203.10638297872342,578.0265957446809,415.6595744680851,"can"
"%E2%84%A2%E2%9C%93%20Coca%20Cola%20(Coke)%20Soft%20Drink%20Can....jpg",579.2074468085107,192.47872340425533,639.4308510638298,406.21276595744683,"can"
"Water%20Plastic%20Bottle%20Isolated%20Stock....jpg",55.75564409030544,141.23202506596306,217.58300132802123,470.7095976253298,"bottle"
"Water%20Plastic%20Bottle%20Isolated%20Stock....jpg",228.4621513944223,20.060521108179422,352.21248339973437,467.9866424802111,"bottle"
"Water%20Plastic%20Bottle%20Isolated%20Stock....jpg",357.6520584329349,15.976088390501321,493.64143426294817,473.4325527704486,"bottle"
"Water%20Plastic%20Bottle%20Isolated%20Stock....jpg",499.0810092961487,24.14495382585752,644.5896414342628,476.1555079155673,"bottle"
"Water%20Plastic%20Bottle%20Isolated%20Stock....jpg",656.8286852589641,40.482684696569926,786.0185922974767,473.4325527704486,"bottle"
"Water%20Plastic%20Bottle%20Isolated%20Stock....jpg",787.3784860557769,60.90484828496043,941.0464807436919,467.9866424802111,"bottle"
"Woman%20finds%2095-year-old%20message%20in%20a....jpg",856.7330677290837,119.15978773584906,1167.8087649402391,860.3862028301887,"bottle"
"Wines%20with%20Standout%20Bottle%20Designs....jpg",2259.458530805687,1170.212765957447,3235.382701421801,4255.319148936171,"bottle"
"%E2%9C%93%20Tin%20Coca-Cola%20Can%20On%20Brown%20Wooden....jpg",2412.5524568393093,354.4094559262948,4254.725099601594,3591.42140811753,"can"